{
    "RMSE": 1.9667649328068109,
    "MAE": 1.4154423475265503,
    "R2": 0.7862099409103394
}