{
    "RMSE": 4.116064855985829,
    "MAE": 3.3250186443328857,
    "R2": 0.6942646503448486
}