{
    "RMSE": 3.968609905023051,
    "MAE": 3.205554723739624,
    "R2": 0.6753432750701904
}