BloodGroup,RMSE,MAE,R2
A+,3.521577399067712,2.780813217163086,0.621968686580658
A-,2.877367454677675,2.3105056285858154,0.7124563455581665
AB+,1.9201208032910213,1.5344150066375732,0.753341555595398
AB-,1.9667649328068109,1.4154423475265503,0.7862099409103394
B+,3.968609905023051,3.205554723739624,0.6753432750701904
B-,2.707523273709654,2.1743297576904297,0.7241984009742737
O+,4.116064855985829,3.3250186443328857,0.6942646503448486
O-,7.732823688331722,6.121037483215332,0.5515061616897583
