{
    "RMSE": 7.732823688331722,
    "MAE": 6.121037483215332,
    "R2": 0.5515061616897583
}