{
    "RMSE": 1.9201208032910213,
    "MAE": 1.5344150066375732,
    "R2": 0.753341555595398
}