{
    "RMSE": 2.707523273709654,
    "MAE": 2.1743297576904297,
    "R2": 0.7241984009742737
}