{
    "RMSE": 3.521577399067712,
    "MAE": 2.780813217163086,
    "R2": 0.621968686580658
}