{
    "RMSE": 2.877367454677675,
    "MAE": 2.3105056285858154,
    "R2": 0.7124563455581665
}